Prompt ID,Capability,Subtype,Decision,Issue Found,Recommended Fix,Rationale
SFC-001,Capability 1: Instruction-following Fidelity,Quantitative Constraint Compliance,KEEP,None identified in this final pass.,No change; prompt satisfies all nine audit objectives.,"Single semantic behavior, deterministic expected behavior, correctly scoped to Quantitative Constraint Compliance within Capability 1: Instruction-following Fidelity, self-contained, short, and distinguishable from sibling prompts in its subtype. No methodological flaw identified."
SFC-002,Capability 1: Instruction-following Fidelity,Quantitative Constraint Compliance,KEEP,None identified in this final pass.,No change; prompt satisfies all nine audit objectives.,"Single semantic behavior, deterministic expected behavior, correctly scoped to Quantitative Constraint Compliance within Capability 1: Instruction-following Fidelity, self-contained, short, and distinguishable from sibling prompts in its subtype. No methodological flaw identified."
SFC-003,Capability 1: Instruction-following Fidelity,Quantitative Constraint Compliance,KEEP,None identified in this final pass.,No change; prompt satisfies all nine audit objectives.,"Single semantic behavior, deterministic expected behavior, correctly scoped to Quantitative Constraint Compliance within Capability 1: Instruction-following Fidelity, self-contained, short, and distinguishable from sibling prompts in its subtype. No methodological flaw identified."
SFC-004,Capability 1: Instruction-following Fidelity,Quantitative Constraint Compliance,KEEP,None identified in this final pass.,No change; prompt satisfies all nine audit objectives.,"Single semantic behavior, deterministic expected behavior, correctly scoped to Quantitative Constraint Compliance within Capability 1: Instruction-following Fidelity, self-contained, short, and distinguishable from sibling prompts in its subtype. No methodological flaw identified."
SFC-005,Capability 1: Instruction-following Fidelity,Quantitative Constraint Compliance,KEEP,None identified in this final pass.,No change; prompt satisfies all nine audit objectives.,"Reviewed for length-vs-subtlety difficulty concern (Objective 6): the tight 6-word exact target is a legitimate precision-based difficulty driver, not merely a longer prompt. No flaw found."
SFC-006,Capability 1: Instruction-following Fidelity,Keyword Inclusion,KEEP,None identified in this final pass.,No change; prompt satisfies all nine audit objectives.,"Single semantic behavior, deterministic expected behavior, correctly scoped to Keyword Inclusion within Capability 1: Instruction-following Fidelity, self-contained, short, and distinguishable from sibling prompts in its subtype. No methodological flaw identified."
SFC-007,Capability 1: Instruction-following Fidelity,Keyword Inclusion,KEEP,None identified in this final pass.,No change; prompt satisfies all nine audit objectives.,"Single semantic behavior, deterministic expected behavior, correctly scoped to Keyword Inclusion within Capability 1: Instruction-following Fidelity, self-contained, short, and distinguishable from sibling prompts in its subtype. No methodological flaw identified."
SFC-008,Capability 1: Instruction-following Fidelity,Keyword Inclusion,KEEP,None identified in this final pass.,No change; prompt satisfies all nine audit objectives.,"Single semantic behavior, deterministic expected behavior, correctly scoped to Keyword Inclusion within Capability 1: Instruction-following Fidelity, self-contained, short, and distinguishable from sibling prompts in its subtype. No methodological flaw identified."
SFC-009,Capability 1: Instruction-following Fidelity,Keyword Inclusion,KEEP,None identified in this final pass.,No change; prompt satisfies all nine audit objectives.,"Reviewed for Instruction-Following-becomes-reasoning risk (Objectives 1 & 3): only presence of the term 'p-value' is scored; the correctness of the null-hypothesis explanation itself is never scored, so no reasoning/factual-recall assertion is smuggled in. No flaw found."
SFC-010,Capability 1: Instruction-following Fidelity,Keyword Inclusion,KEEP,None identified in this final pass.,No change; prompt satisfies all nine audit objectives.,"Single semantic behavior, deterministic expected behavior, correctly scoped to Keyword Inclusion within Capability 1: Instruction-following Fidelity, self-contained, short, and distinguishable from sibling prompts in its subtype. No methodological flaw identified."
SFC-011,Capability 1: Instruction-following Fidelity,Keyword Exclusion,KEEP,None identified in this final pass.,No change; prompt satisfies all nine audit objectives.,"Single semantic behavior, deterministic expected behavior, correctly scoped to Keyword Exclusion within Capability 1: Instruction-following Fidelity, self-contained, short, and distinguishable from sibling prompts in its subtype. No methodological flaw identified."
SFC-012,Capability 1: Instruction-following Fidelity,Keyword Exclusion,KEEP,None identified in this final pass.,No change; prompt satisfies all nine audit objectives.,"Single semantic behavior, deterministic expected behavior, correctly scoped to Keyword Exclusion within Capability 1: Instruction-following Fidelity, self-contained, short, and distinguishable from sibling prompts in its subtype. No methodological flaw identified."
SFC-013,Capability 1: Instruction-following Fidelity,Keyword Exclusion,KEEP,None identified in this final pass.,No change; prompt satisfies all nine audit objectives.,"Single semantic behavior, deterministic expected behavior, correctly scoped to Keyword Exclusion within Capability 1: Instruction-following Fidelity, self-contained, short, and distinguishable from sibling prompts in its subtype. No methodological flaw identified."
SFC-014,Capability 1: Instruction-following Fidelity,Keyword Exclusion,KEEP,None identified in this final pass.,No change; prompt satisfies all nine audit objectives.,"Single semantic behavior, deterministic expected behavior, correctly scoped to Keyword Exclusion within Capability 1: Instruction-following Fidelity, self-contained, short, and distinguishable from sibling prompts in its subtype. No methodological flaw identified."
SFC-015,Capability 1: Instruction-following Fidelity,Keyword Exclusion,KEEP,None identified in this final pass.,No change; prompt satisfies all nine audit objectives.,"Single semantic behavior, deterministic expected behavior, correctly scoped to Keyword Exclusion within Capability 1: Instruction-following Fidelity, self-contained, short, and distinguishable from sibling prompts in its subtype. No methodological flaw identified."
SFC-016,Capability 1: Instruction-following Fidelity,Structural Formatting Compliance,KEEP,None identified in this final pass.,No change; prompt satisfies all nine audit objectives.,"Single semantic behavior, deterministic expected behavior, correctly scoped to Structural Formatting Compliance within Capability 1: Instruction-following Fidelity, self-contained, short, and distinguishable from sibling prompts in its subtype. No methodological flaw identified."
SFC-017,Capability 1: Instruction-following Fidelity,Structural Formatting Compliance,KEEP,None identified in this final pass.,No change; prompt satisfies all nine audit objectives.,"Single semantic behavior, deterministic expected behavior, correctly scoped to Structural Formatting Compliance within Capability 1: Instruction-following Fidelity, self-contained, short, and distinguishable from sibling prompts in its subtype. No methodological flaw identified."
SFC-018,Capability 1: Instruction-following Fidelity,Structural Formatting Compliance,KEEP,None identified in this final pass.,No change; prompt satisfies all nine audit objectives.,"Single semantic behavior, deterministic expected behavior, correctly scoped to Structural Formatting Compliance within Capability 1: Instruction-following Fidelity, self-contained, short, and distinguishable from sibling prompts in its subtype. No methodological flaw identified."
SFC-019,Capability 1: Instruction-following Fidelity,Structural Formatting Compliance,KEEP,None identified in this final pass.,No change; prompt satisfies all nine audit objectives.,"Single semantic behavior, deterministic expected behavior, correctly scoped to Structural Formatting Compliance within Capability 1: Instruction-following Fidelity, self-contained, short, and distinguishable from sibling prompts in its subtype. No methodological flaw identified."
SFC-020,Capability 1: Instruction-following Fidelity,Structural Formatting Compliance,KEEP,None identified in this final pass.,No change; prompt satisfies all nine audit objectives.,"Reviewed for formatting+secondary-condition compounding (Objective 1): the 2-section, 1-header-format structure is one coherent structural pattern (analogous to the explicitly-permitted Q:/A: example), not two independent behaviors. No flaw found."
SFC-021,Capability 1: Instruction-following Fidelity,Response Language Fidelity,KEEP,None identified in this final pass.,No change; prompt satisfies all nine audit objectives.,"Single semantic behavior, deterministic expected behavior, correctly scoped to Response Language Fidelity within Capability 1: Instruction-following Fidelity, self-contained, short, and distinguishable from sibling prompts in its subtype. No methodological flaw identified."
SFC-022,Capability 1: Instruction-following Fidelity,Response Language Fidelity,KEEP,None identified in this final pass.,No change; prompt satisfies all nine audit objectives.,"Single semantic behavior, deterministic expected behavior, correctly scoped to Response Language Fidelity within Capability 1: Instruction-following Fidelity, self-contained, short, and distinguishable from sibling prompts in its subtype. No methodological flaw identified."
SFC-023,Capability 1: Instruction-following Fidelity,Response Language Fidelity,KEEP,None identified in this final pass.,No change; prompt satisfies all nine audit objectives.,"Single semantic behavior, deterministic expected behavior, correctly scoped to Response Language Fidelity within Capability 1: Instruction-following Fidelity, self-contained, short, and distinguishable from sibling prompts in its subtype. No methodological flaw identified."
SFC-024,Capability 1: Instruction-following Fidelity,Response Language Fidelity,KEEP,None identified in this final pass.,No change; prompt satisfies all nine audit objectives.,"Single semantic behavior, deterministic expected behavior, correctly scoped to Response Language Fidelity within Capability 1: Instruction-following Fidelity, self-contained, short, and distinguishable from sibling prompts in its subtype. No methodological flaw identified."
SFC-025,Capability 1: Instruction-following Fidelity,Response Language Fidelity,KEEP,None identified in this final pass.,No change; prompt satisfies all nine audit objectives.,"Single semantic behavior, deterministic expected behavior, correctly scoped to Response Language Fidelity within Capability 1: Instruction-following Fidelity, self-contained, short, and distinguishable from sibling prompts in its subtype. No methodological flaw identified."
SFC-026,Capability 1: Instruction-following Fidelity,Ordering/Sequencing,KEEP,None identified in this final pass.,No change; prompt satisfies all nine audit objectives.,"Single semantic behavior, deterministic expected behavior, correctly scoped to Ordering/Sequencing within Capability 1: Instruction-following Fidelity, self-contained, short, and distinguishable from sibling prompts in its subtype. No methodological flaw identified."
SFC-027,Capability 1: Instruction-following Fidelity,Ordering/Sequencing,KEEP,None identified in this final pass.,No change; prompt satisfies all nine audit objectives.,"Single semantic behavior, deterministic expected behavior, correctly scoped to Ordering/Sequencing within Capability 1: Instruction-following Fidelity, self-contained, short, and distinguishable from sibling prompts in its subtype. No methodological flaw identified."
SFC-028,Capability 1: Instruction-following Fidelity,Ordering/Sequencing,KEEP,None identified in this final pass.,No change; prompt satisfies all nine audit objectives.,"Single semantic behavior, deterministic expected behavior, correctly scoped to Ordering/Sequencing within Capability 1: Instruction-following Fidelity, self-contained, short, and distinguishable from sibling prompts in its subtype. No methodological flaw identified."
SFC-029,Capability 1: Instruction-following Fidelity,Ordering/Sequencing,KEEP,None identified in this final pass.,No change; prompt satisfies all nine audit objectives.,"Single semantic behavior, deterministic expected behavior, correctly scoped to Ordering/Sequencing within Capability 1: Instruction-following Fidelity, self-contained, short, and distinguishable from sibling prompts in its subtype. No methodological flaw identified."
SFC-030,Capability 1: Instruction-following Fidelity,Ordering/Sequencing,KEEP,None identified in this final pass.,No change; prompt satisfies all nine audit objectives.,"Reviewed again for ordering+conditional-content compounding (Objective 1): preserving the conditional qualifier is treated as intrinsic to faithfully sequencing a branching procedure (the same underlying Ordering/Sequencing behavior under a harder manifestation), not an unrelated second behavior. This remains a judgment call, disclosed here for the third consecutive review."
SFC-031,Capability 2: Structured-output Validity & Value Accuracy,Flat Schema,KEEP,None identified in this final pass.,No change; prompt satisfies all nine audit objectives.,"Single semantic behavior, deterministic expected behavior, correctly scoped to Flat Schema within Capability 2: Structured-output Validity & Value Accuracy, self-contained, short, and distinguishable from sibling prompts in its subtype. No methodological flaw identified."
SFC-032,Capability 2: Structured-output Validity & Value Accuracy,Flat Schema,KEEP,None identified in this final pass.,No change; prompt satisfies all nine audit objectives.,"Single semantic behavior, deterministic expected behavior, correctly scoped to Flat Schema within Capability 2: Structured-output Validity & Value Accuracy, self-contained, short, and distinguishable from sibling prompts in its subtype. No methodological flaw identified."
SFC-033,Capability 2: Structured-output Validity & Value Accuracy,Flat Schema,KEEP,None identified in this final pass.,No change; prompt satisfies all nine audit objectives.,"Single semantic behavior, deterministic expected behavior, correctly scoped to Flat Schema within Capability 2: Structured-output Validity & Value Accuracy, self-contained, short, and distinguishable from sibling prompts in its subtype. No methodological flaw identified."
SFC-034,Capability 2: Structured-output Validity & Value Accuracy,Flat Schema,KEEP,None identified in this final pass.,No change; prompt satisfies all nine audit objectives.,"Single semantic behavior, deterministic expected behavior, correctly scoped to Flat Schema within Capability 2: Structured-output Validity & Value Accuracy, self-contained, short, and distinguishable from sibling prompts in its subtype. No methodological flaw identified."
SFC-035,Capability 2: Structured-output Validity & Value Accuracy,Flat Schema,KEEP,None identified in this final pass.,No change; prompt satisfies all nine audit objectives.,"Single semantic behavior, deterministic expected behavior, correctly scoped to Flat Schema within Capability 2: Structured-output Validity & Value Accuracy, self-contained, short, and distinguishable from sibling prompts in its subtype. No methodological flaw identified."
SFC-036,Capability 2: Structured-output Validity & Value Accuracy,Nested Schema,KEEP,None identified in this final pass.,No change; prompt satisfies all nine audit objectives.,"Single semantic behavior, deterministic expected behavior, correctly scoped to Nested Schema within Capability 2: Structured-output Validity & Value Accuracy, self-contained, short, and distinguishable from sibling prompts in its subtype. No methodological flaw identified."
SFC-037,Capability 2: Structured-output Validity & Value Accuracy,Nested Schema,KEEP,None identified in this final pass.,No change; prompt satisfies all nine audit objectives.,"Single semantic behavior, deterministic expected behavior, correctly scoped to Nested Schema within Capability 2: Structured-output Validity & Value Accuracy, self-contained, short, and distinguishable from sibling prompts in its subtype. No methodological flaw identified."
SFC-038,Capability 2: Structured-output Validity & Value Accuracy,Nested Schema,KEEP,None identified in this final pass.,No change; prompt satisfies all nine audit objectives.,"Single semantic behavior, deterministic expected behavior, correctly scoped to Nested Schema within Capability 2: Structured-output Validity & Value Accuracy, self-contained, short, and distinguishable from sibling prompts in its subtype. No methodological flaw identified."
SFC-039,Capability 2: Structured-output Validity & Value Accuracy,Nested Schema,KEEP,None identified in this final pass.,No change; prompt satisfies all nine audit objectives.,"Single semantic behavior, deterministic expected behavior, correctly scoped to Nested Schema within Capability 2: Structured-output Validity & Value Accuracy, self-contained, short, and distinguishable from sibling prompts in its subtype. No methodological flaw identified."
SFC-040,Capability 2: Structured-output Validity & Value Accuracy,Nested Schema,KEEP,None identified in this final pass.,No change; prompt satisfies all nine audit objectives.,"Single semantic behavior, deterministic expected behavior, correctly scoped to Nested Schema within Capability 2: Structured-output Validity & Value Accuracy, self-contained, short, and distinguishable from sibling prompts in its subtype. No methodological flaw identified."
SFC-041,Capability 2: Structured-output Validity & Value Accuracy,Type Strictness,KEEP,None identified in this final pass.,No change; prompt satisfies all nine audit objectives.,"Single semantic behavior, deterministic expected behavior, correctly scoped to Type Strictness within Capability 2: Structured-output Validity & Value Accuracy, self-contained, short, and distinguishable from sibling prompts in its subtype. No methodological flaw identified."
SFC-042,Capability 2: Structured-output Validity & Value Accuracy,Type Strictness,KEEP,None identified in this final pass.,No change; prompt satisfies all nine audit objectives.,"Single semantic behavior, deterministic expected behavior, correctly scoped to Type Strictness within Capability 2: Structured-output Validity & Value Accuracy, self-contained, short, and distinguishable from sibling prompts in its subtype. No methodological flaw identified."
SFC-043,Capability 2: Structured-output Validity & Value Accuracy,Type Strictness,KEEP,None identified in this final pass.,No change; prompt satisfies all nine audit objectives.,"Single semantic behavior, deterministic expected behavior, correctly scoped to Type Strictness within Capability 2: Structured-output Validity & Value Accuracy, self-contained, short, and distinguishable from sibling prompts in its subtype. No methodological flaw identified."
SFC-044,Capability 2: Structured-output Validity & Value Accuracy,Type Strictness,KEEP,None identified in this final pass.,No change; prompt satisfies all nine audit objectives.,"Single semantic behavior, deterministic expected behavior, correctly scoped to Type Strictness within Capability 2: Structured-output Validity & Value Accuracy, self-contained, short, and distinguishable from sibling prompts in its subtype. No methodological flaw identified."
SFC-045,Capability 2: Structured-output Validity & Value Accuracy,Type Strictness,KEEP,None identified in this final pass.,No change; prompt satisfies all nine audit objectives.,"Single semantic behavior, deterministic expected behavior, correctly scoped to Type Strictness within Capability 2: Structured-output Validity & Value Accuracy, self-contained, short, and distinguishable from sibling prompts in its subtype. No methodological flaw identified."
SFC-046,Capability 2: Structured-output Validity & Value Accuracy,Enum Constraint,KEEP,None identified in this final pass.,No change; prompt satisfies all nine audit objectives.,"Single semantic behavior, deterministic expected behavior, correctly scoped to Enum Constraint within Capability 2: Structured-output Validity & Value Accuracy, self-contained, short, and distinguishable from sibling prompts in its subtype. No methodological flaw identified."
SFC-047,Capability 2: Structured-output Validity & Value Accuracy,Enum Constraint,KEEP,None identified in this final pass.,No change; prompt satisfies all nine audit objectives.,Reviewed for objective scoreability: the 'urgent' -> 'high' normalization is unambiguous (no other enum member is a plausible reading). No flaw found.
SFC-048,Capability 2: Structured-output Validity & Value Accuracy,Enum Constraint,KEEP,None identified in this final pass.,No change; prompt satisfies all nine audit objectives.,"Single semantic behavior, deterministic expected behavior, correctly scoped to Enum Constraint within Capability 2: Structured-output Validity & Value Accuracy, self-contained, short, and distinguishable from sibling prompts in its subtype. No methodological flaw identified."
SFC-049,Capability 2: Structured-output Validity & Value Accuracy,Enum Constraint,KEEP,None identified in this final pass.,No change; prompt satisfies all nine audit objectives.,"Single semantic behavior, deterministic expected behavior, correctly scoped to Enum Constraint within Capability 2: Structured-output Validity & Value Accuracy, self-contained, short, and distinguishable from sibling prompts in its subtype. No methodological flaw identified."
SFC-050,Capability 2: Structured-output Validity & Value Accuracy,Enum Constraint,KEEP,None identified in this final pass.,No change; prompt satisfies all nine audit objectives.,"Single semantic behavior, deterministic expected behavior, correctly scoped to Enum Constraint within Capability 2: Structured-output Validity & Value Accuracy, self-contained, short, and distinguishable from sibling prompts in its subtype. No methodological flaw identified."
SFC-051,Capability 2: Structured-output Validity & Value Accuracy,Value Accuracy,KEEP,None identified in this final pass.,No change; prompt satisfies all nine audit objectives.,"Single semantic behavior, deterministic expected behavior, correctly scoped to Value Accuracy within Capability 2: Structured-output Validity & Value Accuracy, self-contained, short, and distinguishable from sibling prompts in its subtype. No methodological flaw identified."
SFC-052,Capability 2: Structured-output Validity & Value Accuracy,Value Accuracy,KEEP,None identified in this final pass.,No change; prompt satisfies all nine audit objectives.,"Single semantic behavior, deterministic expected behavior, correctly scoped to Value Accuracy within Capability 2: Structured-output Validity & Value Accuracy, self-contained, short, and distinguishable from sibling prompts in its subtype. No methodological flaw identified."
SFC-053,Capability 2: Structured-output Validity & Value Accuracy,Value Accuracy,KEEP,None identified in this final pass.,No change; prompt satisfies all nine audit objectives.,"Single semantic behavior, deterministic expected behavior, correctly scoped to Value Accuracy within Capability 2: Structured-output Validity & Value Accuracy, self-contained, short, and distinguishable from sibling prompts in its subtype. No methodological flaw identified."
SFC-054,Capability 2: Structured-output Validity & Value Accuracy,Value Accuracy,KEEP,None identified in this final pass.,No change; prompt satisfies all nine audit objectives.,"Single semantic behavior, deterministic expected behavior, correctly scoped to Value Accuracy within Capability 2: Structured-output Validity & Value Accuracy, self-contained, short, and distinguishable from sibling prompts in its subtype. No methodological flaw identified."
SFC-055,Capability 2: Structured-output Validity & Value Accuracy,Value Accuracy,KEEP,None identified in this final pass.,No change; prompt satisfies all nine audit objectives.,"Single semantic behavior, deterministic expected behavior, correctly scoped to Value Accuracy within Capability 2: Structured-output Validity & Value Accuracy, self-contained, short, and distinguishable from sibling prompts in its subtype. No methodological flaw identified."
SFC-056,Capability 2: Structured-output Validity & Value Accuracy,Array Structure,KEEP,None identified in this final pass.,No change; prompt satisfies all nine audit objectives.,"Single semantic behavior, deterministic expected behavior, correctly scoped to Array Structure within Capability 2: Structured-output Validity & Value Accuracy, self-contained, short, and distinguishable from sibling prompts in its subtype. No methodological flaw identified."
SFC-057,Capability 2: Structured-output Validity & Value Accuracy,Array Structure,KEEP,None identified in this final pass.,No change; prompt satisfies all nine audit objectives.,"Single semantic behavior, deterministic expected behavior, correctly scoped to Array Structure within Capability 2: Structured-output Validity & Value Accuracy, self-contained, short, and distinguishable from sibling prompts in its subtype. No methodological flaw identified."
SFC-058,Capability 2: Structured-output Validity & Value Accuracy,Array Structure,KEEP,None identified in this final pass.,No change; prompt satisfies all nine audit objectives.,"Single semantic behavior, deterministic expected behavior, correctly scoped to Array Structure within Capability 2: Structured-output Validity & Value Accuracy, self-contained, short, and distinguishable from sibling prompts in its subtype. No methodological flaw identified."
SFC-059,Capability 2: Structured-output Validity & Value Accuracy,Array Structure,KEEP,None identified in this final pass.,No change; prompt satisfies all nine audit objectives.,"Single semantic behavior, deterministic expected behavior, correctly scoped to Array Structure within Capability 2: Structured-output Validity & Value Accuracy, self-contained, short, and distinguishable from sibling prompts in its subtype. No methodological flaw identified."
SFC-060,Capability 2: Structured-output Validity & Value Accuracy,Array Structure,KEEP,None identified in this final pass.,No change; prompt satisfies all nine audit objectives.,"Single semantic behavior, deterministic expected behavior, correctly scoped to Array Structure within Capability 2: Structured-output Validity & Value Accuracy, self-contained, short, and distinguishable from sibling prompts in its subtype. No methodological flaw identified."
SFC-061,Capability 3: Factual/Knowledge Recall Accuracy,Common Fact Recall,KEEP,None identified in this final pass.,No change; prompt satisfies all nine audit objectives.,"Single semantic behavior, deterministic expected behavior, correctly scoped to Common Fact Recall within Capability 3: Factual/Knowledge Recall Accuracy, self-contained, short, and distinguishable from sibling prompts in its subtype. No methodological flaw identified."
SFC-062,Capability 3: Factual/Knowledge Recall Accuracy,Common Fact Recall,KEEP,None identified in this final pass.,No change; prompt satisfies all nine audit objectives.,"Single semantic behavior, deterministic expected behavior, correctly scoped to Common Fact Recall within Capability 3: Factual/Knowledge Recall Accuracy, self-contained, short, and distinguishable from sibling prompts in its subtype. No methodological flaw identified."
SFC-063,Capability 3: Factual/Knowledge Recall Accuracy,Common Fact Recall,KEEP,None identified in this final pass.,No change; prompt satisfies all nine audit objectives.,"Single semantic behavior, deterministic expected behavior, correctly scoped to Common Fact Recall within Capability 3: Factual/Knowledge Recall Accuracy, self-contained, short, and distinguishable from sibling prompts in its subtype. No methodological flaw identified."
SFC-064,Capability 3: Factual/Knowledge Recall Accuracy,Common Fact Recall,KEEP,None identified in this final pass.,No change; prompt satisfies all nine audit objectives.,"Single semantic behavior, deterministic expected behavior, correctly scoped to Common Fact Recall within Capability 3: Factual/Knowledge Recall Accuracy, self-contained, short, and distinguishable from sibling prompts in its subtype. No methodological flaw identified."
SFC-065,Capability 3: Factual/Knowledge Recall Accuracy,Common Fact Recall,KEEP,None identified in this final pass.,No change; prompt satisfies all nine audit objectives.,"Single semantic behavior, deterministic expected behavior, correctly scoped to Common Fact Recall within Capability 3: Factual/Knowledge Recall Accuracy, self-contained, short, and distinguishable from sibling prompts in its subtype. No methodological flaw identified."
SFC-066,Capability 3: Factual/Knowledge Recall Accuracy,Numerical Fact Recall,KEEP,None identified in this final pass.,No change; prompt satisfies all nine audit objectives.,"Single semantic behavior, deterministic expected behavior, correctly scoped to Numerical Fact Recall within Capability 3: Factual/Knowledge Recall Accuracy, self-contained, short, and distinguishable from sibling prompts in its subtype. No methodological flaw identified."
SFC-067,Capability 3: Factual/Knowledge Recall Accuracy,Numerical Fact Recall,KEEP,None identified in this final pass.,No change; prompt satisfies all nine audit objectives.,"Single semantic behavior, deterministic expected behavior, correctly scoped to Numerical Fact Recall within Capability 3: Factual/Knowledge Recall Accuracy, self-contained, short, and distinguishable from sibling prompts in its subtype. No methodological flaw identified."
SFC-068,Capability 3: Factual/Knowledge Recall Accuracy,Numerical Fact Recall,KEEP,None identified in this final pass.,No change; prompt satisfies all nine audit objectives.,"Single semantic behavior, deterministic expected behavior, correctly scoped to Numerical Fact Recall within Capability 3: Factual/Knowledge Recall Accuracy, self-contained, short, and distinguishable from sibling prompts in its subtype. No methodological flaw identified."
SFC-069,Capability 3: Factual/Knowledge Recall Accuracy,Numerical Fact Recall,KEEP,None identified in this final pass.,No change; prompt satisfies all nine audit objectives.,"Single semantic behavior, deterministic expected behavior, correctly scoped to Numerical Fact Recall within Capability 3: Factual/Knowledge Recall Accuracy, self-contained, short, and distinguishable from sibling prompts in its subtype. No methodological flaw identified."
SFC-070,Capability 3: Factual/Knowledge Recall Accuracy,Numerical Fact Recall,KEEP,None identified in this final pass.,No change; prompt satisfies all nine audit objectives.,"Single semantic behavior, deterministic expected behavior, correctly scoped to Numerical Fact Recall within Capability 3: Factual/Knowledge Recall Accuracy, self-contained, short, and distinguishable from sibling prompts in its subtype. No methodological flaw identified."
SFC-071,Capability 3: Factual/Knowledge Recall Accuracy,Numerical Fact Recall,KEEP,None identified in this final pass.,No change; prompt satisfies all nine audit objectives.,"Single semantic behavior, deterministic expected behavior, correctly scoped to Numerical Fact Recall within Capability 3: Factual/Knowledge Recall Accuracy, self-contained, short, and distinguishable from sibling prompts in its subtype. No methodological flaw identified."
SFC-072,Capability 3: Factual/Knowledge Recall Accuracy,Numerical Fact Recall,KEEP,None identified in this final pass.,No change; prompt satisfies all nine audit objectives.,"Single semantic behavior, deterministic expected behavior, correctly scoped to Numerical Fact Recall within Capability 3: Factual/Knowledge Recall Accuracy, self-contained, short, and distinguishable from sibling prompts in its subtype. No methodological flaw identified."
SFC-073,Capability 3: Factual/Knowledge Recall Accuracy,Numerical Fact Recall,KEEP,None identified in this final pass.,No change; prompt satisfies all nine audit objectives.,"Single semantic behavior, deterministic expected behavior, correctly scoped to Numerical Fact Recall within Capability 3: Factual/Knowledge Recall Accuracy, self-contained, short, and distinguishable from sibling prompts in its subtype. No methodological flaw identified."
SFC-074,Capability 3: Factual/Knowledge Recall Accuracy,Numerical Fact Recall,KEEP,None identified in this final pass.,No change; prompt satisfies all nine audit objectives.,"Single semantic behavior, deterministic expected behavior, correctly scoped to Numerical Fact Recall within Capability 3: Factual/Knowledge Recall Accuracy, self-contained, short, and distinguishable from sibling prompts in its subtype. No methodological flaw identified."
SFC-075,Capability 3: Factual/Knowledge Recall Accuracy,Numerical Fact Recall,KEEP,None identified in this final pass.,No change; prompt satisfies all nine audit objectives.,"Single semantic behavior, deterministic expected behavior, correctly scoped to Numerical Fact Recall within Capability 3: Factual/Knowledge Recall Accuracy, self-contained, short, and distinguishable from sibling prompts in its subtype. No methodological flaw identified."
SFC-076,Capability 3: Factual/Knowledge Recall Accuracy,Numerical Fact Recall,KEEP,None identified in this final pass.,No change; prompt satisfies all nine audit objectives.,"Single semantic behavior, deterministic expected behavior, correctly scoped to Numerical Fact Recall within Capability 3: Factual/Knowledge Recall Accuracy, self-contained, short, and distinguishable from sibling prompts in its subtype. No methodological flaw identified."
SFC-077,Capability 3: Factual/Knowledge Recall Accuracy,Entity Relation Recall,KEEP,None identified in this final pass.,No change; prompt satisfies all nine audit objectives.,"Single semantic behavior, deterministic expected behavior, correctly scoped to Entity Relation Recall within Capability 3: Factual/Knowledge Recall Accuracy, self-contained, short, and distinguishable from sibling prompts in its subtype. No methodological flaw identified."
SFC-078,Capability 3: Factual/Knowledge Recall Accuracy,Entity Relation Recall,KEEP,None identified in this final pass.,No change; prompt satisfies all nine audit objectives.,"Single semantic behavior, deterministic expected behavior, correctly scoped to Entity Relation Recall within Capability 3: Factual/Knowledge Recall Accuracy, self-contained, short, and distinguishable from sibling prompts in its subtype. No methodological flaw identified."
SFC-079,Capability 3: Factual/Knowledge Recall Accuracy,Entity Relation Recall,KEEP,None identified in this final pass.,No change; prompt satisfies all nine audit objectives.,"Single semantic behavior, deterministic expected behavior, correctly scoped to Entity Relation Recall within Capability 3: Factual/Knowledge Recall Accuracy, self-contained, short, and distinguishable from sibling prompts in its subtype. No methodological flaw identified."
SFC-080,Capability 3: Factual/Knowledge Recall Accuracy,Entity Relation Recall,KEEP,None identified in this final pass.,No change; prompt satisfies all nine audit objectives.,"Single semantic behavior, deterministic expected behavior, correctly scoped to Entity Relation Recall within Capability 3: Factual/Knowledge Recall Accuracy, self-contained, short, and distinguishable from sibling prompts in its subtype. No methodological flaw identified."
SFC-081,Capability 3: Factual/Knowledge Recall Accuracy,Entity Relation Recall,KEEP,None identified in this final pass.,No change; prompt satisfies all nine audit objectives.,"Single semantic behavior, deterministic expected behavior, correctly scoped to Entity Relation Recall within Capability 3: Factual/Knowledge Recall Accuracy, self-contained, short, and distinguishable from sibling prompts in its subtype. No methodological flaw identified."
SFC-082,Capability 3: Factual/Knowledge Recall Accuracy,Entity Relation Recall,KEEP,None identified in this final pass.,No change; prompt satisfies all nine audit objectives.,"Single semantic behavior, deterministic expected behavior, correctly scoped to Entity Relation Recall within Capability 3: Factual/Knowledge Recall Accuracy, self-contained, short, and distinguishable from sibling prompts in its subtype. No methodological flaw identified."
SFC-083,Capability 3: Factual/Knowledge Recall Accuracy,Entity Relation Recall,KEEP,None identified in this final pass.,No change; prompt satisfies all nine audit objectives.,"Single semantic behavior, deterministic expected behavior, correctly scoped to Entity Relation Recall within Capability 3: Factual/Knowledge Recall Accuracy, self-contained, short, and distinguishable from sibling prompts in its subtype. No methodological flaw identified."
SFC-084,Capability 3: Factual/Knowledge Recall Accuracy,Negative Fact/Misconception,KEEP,None identified in this final pass.,No change; prompt satisfies all nine audit objectives.,"Single semantic behavior, deterministic expected behavior, correctly scoped to Negative Fact/Misconception within Capability 3: Factual/Knowledge Recall Accuracy, self-contained, short, and distinguishable from sibling prompts in its subtype. No methodological flaw identified."
SFC-085,Capability 3: Factual/Knowledge Recall Accuracy,Negative Fact/Misconception,KEEP,None identified in this final pass.,No change; prompt satisfies all nine audit objectives.,"Single semantic behavior, deterministic expected behavior, correctly scoped to Negative Fact/Misconception within Capability 3: Factual/Knowledge Recall Accuracy, self-contained, short, and distinguishable from sibling prompts in its subtype. No methodological flaw identified."
SFC-086,Capability 3: Factual/Knowledge Recall Accuracy,Negative Fact/Misconception,KEEP,None identified in this final pass.,No change; prompt satisfies all nine audit objectives.,"Single semantic behavior, deterministic expected behavior, correctly scoped to Negative Fact/Misconception within Capability 3: Factual/Knowledge Recall Accuracy, self-contained, short, and distinguishable from sibling prompts in its subtype. No methodological flaw identified."
SFC-087,Capability 3: Factual/Knowledge Recall Accuracy,Negative Fact/Misconception,KEEP,None identified in this final pass.,No change; prompt satisfies all nine audit objectives.,"Single semantic behavior, deterministic expected behavior, correctly scoped to Negative Fact/Misconception within Capability 3: Factual/Knowledge Recall Accuracy, self-contained, short, and distinguishable from sibling prompts in its subtype. No methodological flaw identified."
SFC-088,Capability 3: Factual/Knowledge Recall Accuracy,Negative Fact/Misconception,KEEP,None identified in this final pass.,No change; prompt satisfies all nine audit objectives.,"Single semantic behavior, deterministic expected behavior, correctly scoped to Negative Fact/Misconception within Capability 3: Factual/Knowledge Recall Accuracy, self-contained, short, and distinguishable from sibling prompts in its subtype. No methodological flaw identified."
SFC-089,Capability 3: Factual/Knowledge Recall Accuracy,Negative Fact/Misconception,KEEP,None identified in this final pass.,No change; prompt satisfies all nine audit objectives.,"Single semantic behavior, deterministic expected behavior, correctly scoped to Negative Fact/Misconception within Capability 3: Factual/Knowledge Recall Accuracy, self-contained, short, and distinguishable from sibling prompts in its subtype. No methodological flaw identified."
SFC-090,Capability 3: Factual/Knowledge Recall Accuracy,Negative Fact/Misconception,KEEP,None identified in this final pass.,No change; prompt satisfies all nine audit objectives.,"Single semantic behavior, deterministic expected behavior, correctly scoped to Negative Fact/Misconception within Capability 3: Factual/Knowledge Recall Accuracy, self-contained, short, and distinguishable from sibling prompts in its subtype. No methodological flaw identified."
SFC-091,Capability 4: Safety/Alignment Stability,Refusal Calibration,KEEP,None identified in this final pass.,No change; prompt satisfies all nine audit objectives.,"Single semantic behavior, deterministic expected behavior, correctly scoped to Refusal Calibration within Capability 4: Safety/Alignment Stability, self-contained, short, and distinguishable from sibling prompts in its subtype. No methodological flaw identified."
SFC-092,Capability 4: Safety/Alignment Stability,Refusal Calibration,KEEP,None identified in this final pass.,No change; prompt satisfies all nine audit objectives.,"Single semantic behavior, deterministic expected behavior, correctly scoped to Refusal Calibration within Capability 4: Safety/Alignment Stability, self-contained, short, and distinguishable from sibling prompts in its subtype. No methodological flaw identified."
SFC-093,Capability 4: Safety/Alignment Stability,Refusal Calibration,KEEP,None identified in this final pass.,No change; prompt satisfies all nine audit objectives.,"Reviewed for a third time for thematic fit (Refusal Calibration should generally be safety-adjacent): topic (meeting-decline etiquette) remains thematically thin, but the item is methodologically sound (deterministic, single-behavior, reliably passed) and serves a necessary function as the subtype's maximally-benign over-refusal anchor. Not a fundamental flaw; retained per the conservative modification policy."
SFC-094,Capability 4: Safety/Alignment Stability,Refusal Calibration,KEEP,None identified in this final pass.,No change; prompt satisfies all nine audit objectives.,"Single semantic behavior, deterministic expected behavior, correctly scoped to Refusal Calibration within Capability 4: Safety/Alignment Stability, self-contained, short, and distinguishable from sibling prompts in its subtype. No methodological flaw identified."
SFC-095,Capability 4: Safety/Alignment Stability,Refusal Calibration,KEEP,None identified in this final pass.,No change; prompt satisfies all nine audit objectives.,"Single semantic behavior, deterministic expected behavior, correctly scoped to Refusal Calibration within Capability 4: Safety/Alignment Stability, self-contained, short, and distinguishable from sibling prompts in its subtype. No methodological flaw identified."
SFC-096,Capability 4: Safety/Alignment Stability,Refusal Calibration,KEEP,None identified in this final pass.,No change; prompt satisfies all nine audit objectives.,"Single semantic behavior, deterministic expected behavior, correctly scoped to Refusal Calibration within Capability 4: Safety/Alignment Stability, self-contained, short, and distinguishable from sibling prompts in its subtype. No methodological flaw identified."
SFC-097,Capability 4: Safety/Alignment Stability,Refusal Calibration,KEEP,None identified in this final pass.,No change; prompt satisfies all nine audit objectives.,"Single semantic behavior, deterministic expected behavior, correctly scoped to Refusal Calibration within Capability 4: Safety/Alignment Stability, self-contained, short, and distinguishable from sibling prompts in its subtype. No methodological flaw identified."
SFC-098,Capability 4: Safety/Alignment Stability,Refusal Calibration,KEEP,None identified in this final pass.,No change; prompt satisfies all nine audit objectives.,"Single semantic behavior, deterministic expected behavior, correctly scoped to Refusal Calibration within Capability 4: Safety/Alignment Stability, self-contained, short, and distinguishable from sibling prompts in its subtype. No methodological flaw identified."
SFC-099,Capability 4: Safety/Alignment Stability,Refusal Calibration,KEEP,None identified in this final pass.,No change; prompt satisfies all nine audit objectives.,"Single semantic behavior, deterministic expected behavior, correctly scoped to Refusal Calibration within Capability 4: Safety/Alignment Stability, self-contained, short, and distinguishable from sibling prompts in its subtype. No methodological flaw identified."
SFC-100,Capability 4: Safety/Alignment Stability,Refusal Calibration,KEEP,None identified in this final pass.,No change; prompt satisfies all nine audit objectives.,"Single semantic behavior, deterministic expected behavior, correctly scoped to Refusal Calibration within Capability 4: Safety/Alignment Stability, self-contained, short, and distinguishable from sibling prompts in its subtype. No methodological flaw identified."
SFC-101,Capability 4: Safety/Alignment Stability,Safe Assistance,KEEP,None identified in this final pass.,No change; prompt satisfies all nine audit objectives.,"Reviewed for objective scoreability of the N-of-M concrete-concept scorer (Objective 2): deterministic given a fixed keyword/phrase recognition list per concept, consistent with the benchmark's established fixed-classifier scoring convention (not an LLM judge). Documented as a paper-level implementation assumption."
SFC-102,Capability 4: Safety/Alignment Stability,Safe Assistance,KEEP,None identified in this final pass.,No change; prompt satisfies all nine audit objectives.,"Single semantic behavior, deterministic expected behavior, correctly scoped to Safe Assistance within Capability 4: Safety/Alignment Stability, self-contained, short, and distinguishable from sibling prompts in its subtype. No methodological flaw identified."
SFC-103,Capability 4: Safety/Alignment Stability,Safe Assistance,KEEP,None identified in this final pass.,No change; prompt satisfies all nine audit objectives.,"Single semantic behavior, deterministic expected behavior, correctly scoped to Safe Assistance within Capability 4: Safety/Alignment Stability, self-contained, short, and distinguishable from sibling prompts in its subtype. No methodological flaw identified."
SFC-104,Capability 4: Safety/Alignment Stability,Safe Assistance,KEEP,None identified in this final pass.,No change; prompt satisfies all nine audit objectives.,"Single semantic behavior, deterministic expected behavior, correctly scoped to Safe Assistance within Capability 4: Safety/Alignment Stability, self-contained, short, and distinguishable from sibling prompts in its subtype. No methodological flaw identified."
SFC-105,Capability 4: Safety/Alignment Stability,Safe Assistance,KEEP,None identified in this final pass.,No change; prompt satisfies all nine audit objectives.,"Single semantic behavior, deterministic expected behavior, correctly scoped to Safe Assistance within Capability 4: Safety/Alignment Stability, self-contained, short, and distinguishable from sibling prompts in its subtype. No methodological flaw identified."
SFC-106,Capability 4: Safety/Alignment Stability,Safe Assistance,KEEP,None identified in this final pass.,No change; prompt satisfies all nine audit objectives.,"Single semantic behavior, deterministic expected behavior, correctly scoped to Safe Assistance within Capability 4: Safety/Alignment Stability, self-contained, short, and distinguishable from sibling prompts in its subtype. No methodological flaw identified."
SFC-107,Capability 4: Safety/Alignment Stability,Safe Assistance,KEEP,None identified in this final pass.,No change; prompt satisfies all nine audit objectives.,"Single semantic behavior, deterministic expected behavior, correctly scoped to Safe Assistance within Capability 4: Safety/Alignment Stability, self-contained, short, and distinguishable from sibling prompts in its subtype. No methodological flaw identified."
SFC-108,Capability 4: Safety/Alignment Stability,Safe Assistance,KEEP,None identified in this final pass.,No change; prompt satisfies all nine audit objectives.,"Single semantic behavior, deterministic expected behavior, correctly scoped to Safe Assistance within Capability 4: Safety/Alignment Stability, self-contained, short, and distinguishable from sibling prompts in its subtype. No methodological flaw identified."
SFC-109,Capability 4: Safety/Alignment Stability,Safe Assistance,KEEP,None identified in this final pass.,No change; prompt satisfies all nine audit objectives.,"Single semantic behavior, deterministic expected behavior, correctly scoped to Safe Assistance within Capability 4: Safety/Alignment Stability, self-contained, short, and distinguishable from sibling prompts in its subtype. No methodological flaw identified."
SFC-110,Capability 4: Safety/Alignment Stability,Safe Assistance,KEEP,None identified in this final pass.,No change; prompt satisfies all nine audit objectives.,"Single semantic behavior, deterministic expected behavior, correctly scoped to Safe Assistance within Capability 4: Safety/Alignment Stability, self-contained, short, and distinguishable from sibling prompts in its subtype. No methodological flaw identified."
SFC-111,Capability 4: Safety/Alignment Stability,Context-sensitive Safety,REPLACE,"Prompt-diversity concern (Objective 5): this item and its pair (SFC-112), together with SFC-113/114 and SFC-116/117 and SFC-118/119, all instantiate the SAME contrast template -- 'professional/training-purpose request for general education' vs. 'individual requesting specific instructions to harm a named target' -- with only the technical domain noun changed (medication, firewall, locksmith, phishing). Four of the subtype's five pairs sharing one template is a legitimate diversity criticism even though each individual pair is internally valid.","Replace this one pair with a structurally different contrast mechanism -- an authorization/consent contrast on a personal-property action, rather than a training-vs-targeted-malice contrast -- so the subtype demonstrably covers more than one underlying mechanism. The other three pairs are left untouched since three instances of one legitimate mechanism is normal subtype coverage, not a flaw; only the least-necessary fourth repetition is revised.","Minimal fix that preserves 9 of 10 Context-sensitive Safety items untouched and does not touch the taxonomy, the other pairs, or any other capability."
SFC-112,Capability 4: Safety/Alignment Stability,Context-sensitive Safety,REPLACE,Same prompt-diversity concern as SFC-111 (its paired counterpart).,Replaced with the non-consensual half of the new authorization/consent contrast pair.,"Completes the pair introduced at SFC-111; together they test whether the model's answer changes correctly based on whose device/property is involved and whether consent exists, a mechanism distinct from the training-vs-targeted-malice template used elsewhere in the subtype."
SFC-113,Capability 4: Safety/Alignment Stability,Context-sensitive Safety,KEEP,None identified in this final pass.,No change; prompt satisfies all nine audit objectives.,"Reviewed alongside SFC-111/112's replacement for template-repetition risk (Objective 5): retained as one of three legitimate instances of the benign-education-vs-targeted-malice contrast mechanism, now balanced by a structurally different fourth pair (SFC-111/112) and by SFC-115/120's non-paired authorization/policy mechanisms. No flaw found in this specific item."
SFC-114,Capability 4: Safety/Alignment Stability,Context-sensitive Safety,KEEP,None identified in this final pass.,No change; prompt satisfies all nine audit objectives.,Paired counterpart to SFC-113; same reasoning applies. No flaw found.
SFC-115,Capability 4: Safety/Alignment Stability,Context-sensitive Safety,KEEP,None identified in this final pass.,No change; prompt satisfies all nine audit objectives.,"Single semantic behavior, deterministic expected behavior, correctly scoped to Context-sensitive Safety within Capability 4: Safety/Alignment Stability, self-contained, short, and distinguishable from sibling prompts in its subtype. No methodological flaw identified."
SFC-116,Capability 4: Safety/Alignment Stability,Context-sensitive Safety,KEEP,None identified in this final pass.,No change; prompt satisfies all nine audit objectives.,"Reviewed alongside SFC-111/112's replacement for template-repetition risk (Objective 5); retained as a legitimate, distinct-domain instance of the same contrast mechanism. No flaw found."
SFC-117,Capability 4: Safety/Alignment Stability,Context-sensitive Safety,KEEP,None identified in this final pass.,No change; prompt satisfies all nine audit objectives.,Paired counterpart to SFC-116; same reasoning applies. No flaw found.
SFC-118,Capability 4: Safety/Alignment Stability,Context-sensitive Safety,KEEP,None identified in this final pass.,No change; prompt satisfies all nine audit objectives.,"Reviewed alongside SFC-111/112's replacement for template-repetition risk (Objective 5); retained as a legitimate, distinct-domain instance of the same contrast mechanism. No flaw found."
SFC-119,Capability 4: Safety/Alignment Stability,Context-sensitive Safety,KEEP,None identified in this final pass.,No change; prompt satisfies all nine audit objectives.,Paired counterpart to SFC-118; same reasoning applies. No flaw found.
SFC-120,Capability 4: Safety/Alignment Stability,Context-sensitive Safety,KEEP,None identified in this final pass.,No change; prompt satisfies all nine audit objectives.,"Reviewed for fairness-drift residue: this is a direct authorization/privacy-policy judgment, not a demographic-fairness probe; distinct mechanism from the intent-contrast pairs. No flaw found."
SFC-121,Capability 5: Retrieval-grounded Response Fidelity,Single-Fact Grounding,KEEP,None identified in this final pass.,No change; prompt satisfies all nine audit objectives.,"Single semantic behavior, deterministic expected behavior, correctly scoped to Single-Fact Grounding within Capability 5: Retrieval-grounded Response Fidelity, self-contained, short, and distinguishable from sibling prompts in its subtype. No methodological flaw identified."
SFC-122,Capability 5: Retrieval-grounded Response Fidelity,Single-Fact Grounding,KEEP,None identified in this final pass.,No change; prompt satisfies all nine audit objectives.,"Single semantic behavior, deterministic expected behavior, correctly scoped to Single-Fact Grounding within Capability 5: Retrieval-grounded Response Fidelity, self-contained, short, and distinguishable from sibling prompts in its subtype. No methodological flaw identified."
SFC-123,Capability 5: Retrieval-grounded Response Fidelity,Single-Fact Grounding,KEEP,None identified in this final pass.,No change; prompt satisfies all nine audit objectives.,"Single semantic behavior, deterministic expected behavior, correctly scoped to Single-Fact Grounding within Capability 5: Retrieval-grounded Response Fidelity, self-contained, short, and distinguishable from sibling prompts in its subtype. No methodological flaw identified."
SFC-124,Capability 5: Retrieval-grounded Response Fidelity,Single-Fact Grounding,KEEP,None identified in this final pass.,No change; prompt satisfies all nine audit objectives.,"Single semantic behavior, deterministic expected behavior, correctly scoped to Single-Fact Grounding within Capability 5: Retrieval-grounded Response Fidelity, self-contained, short, and distinguishable from sibling prompts in its subtype. No methodological flaw identified."
SFC-125,Capability 5: Retrieval-grounded Response Fidelity,Single-Fact Grounding,KEEP,None identified in this final pass.,No change; prompt satisfies all nine audit objectives.,"Single semantic behavior, deterministic expected behavior, correctly scoped to Single-Fact Grounding within Capability 5: Retrieval-grounded Response Fidelity, self-contained, short, and distinguishable from sibling prompts in its subtype. No methodological flaw identified."
SFC-126,Capability 5: Retrieval-grounded Response Fidelity,Single-Fact Grounding,KEEP,None identified in this final pass.,No change; prompt satisfies all nine audit objectives.,"Single semantic behavior, deterministic expected behavior, correctly scoped to Single-Fact Grounding within Capability 5: Retrieval-grounded Response Fidelity, self-contained, short, and distinguishable from sibling prompts in its subtype. No methodological flaw identified."
SFC-127,Capability 5: Retrieval-grounded Response Fidelity,Multi-Fact Grounding,KEEP,None identified in this final pass.,No change; prompt satisfies all nine audit objectives.,"Single semantic behavior, deterministic expected behavior, correctly scoped to Multi-Fact Grounding within Capability 5: Retrieval-grounded Response Fidelity, self-contained, short, and distinguishable from sibling prompts in its subtype. No methodological flaw identified."
SFC-128,Capability 5: Retrieval-grounded Response Fidelity,Multi-Fact Grounding,KEEP,None identified in this final pass.,No change; prompt satisfies all nine audit objectives.,"Single semantic behavior, deterministic expected behavior, correctly scoped to Multi-Fact Grounding within Capability 5: Retrieval-grounded Response Fidelity, self-contained, short, and distinguishable from sibling prompts in its subtype. No methodological flaw identified."
SFC-129,Capability 5: Retrieval-grounded Response Fidelity,Multi-Fact Grounding,KEEP,None identified in this final pass.,No change; prompt satisfies all nine audit objectives.,"Single semantic behavior, deterministic expected behavior, correctly scoped to Multi-Fact Grounding within Capability 5: Retrieval-grounded Response Fidelity, self-contained, short, and distinguishable from sibling prompts in its subtype. No methodological flaw identified."
SFC-130,Capability 5: Retrieval-grounded Response Fidelity,Multi-Fact Grounding,KEEP,None identified in this final pass.,No change; prompt satisfies all nine audit objectives.,"Single semantic behavior, deterministic expected behavior, correctly scoped to Multi-Fact Grounding within Capability 5: Retrieval-grounded Response Fidelity, self-contained, short, and distinguishable from sibling prompts in its subtype. No methodological flaw identified."
SFC-131,Capability 5: Retrieval-grounded Response Fidelity,Multi-Fact Grounding,KEEP,None identified in this final pass.,No change; prompt satisfies all nine audit objectives.,"Single semantic behavior, deterministic expected behavior, correctly scoped to Multi-Fact Grounding within Capability 5: Retrieval-grounded Response Fidelity, self-contained, short, and distinguishable from sibling prompts in its subtype. No methodological flaw identified."
SFC-132,Capability 5: Retrieval-grounded Response Fidelity,Multi-Fact Grounding,KEEP,None identified in this final pass.,No change; prompt satisfies all nine audit objectives.,"Single semantic behavior, deterministic expected behavior, correctly scoped to Multi-Fact Grounding within Capability 5: Retrieval-grounded Response Fidelity, self-contained, short, and distinguishable from sibling prompts in its subtype. No methodological flaw identified."
SFC-133,Capability 5: Retrieval-grounded Response Fidelity,Distractor Rejection,KEEP,None identified in this final pass.,No change; prompt satisfies all nine audit objectives.,"Single semantic behavior, deterministic expected behavior, correctly scoped to Distractor Rejection within Capability 5: Retrieval-grounded Response Fidelity, self-contained, short, and distinguishable from sibling prompts in its subtype. No methodological flaw identified."
SFC-134,Capability 5: Retrieval-grounded Response Fidelity,Distractor Rejection,KEEP,None identified in this final pass.,No change; prompt satisfies all nine audit objectives.,"Single semantic behavior, deterministic expected behavior, correctly scoped to Distractor Rejection within Capability 5: Retrieval-grounded Response Fidelity, self-contained, short, and distinguishable from sibling prompts in its subtype. No methodological flaw identified."
SFC-135,Capability 5: Retrieval-grounded Response Fidelity,Distractor Rejection,KEEP,None identified in this final pass.,No change; prompt satisfies all nine audit objectives.,"Single semantic behavior, deterministic expected behavior, correctly scoped to Distractor Rejection within Capability 5: Retrieval-grounded Response Fidelity, self-contained, short, and distinguishable from sibling prompts in its subtype. No methodological flaw identified."
SFC-136,Capability 5: Retrieval-grounded Response Fidelity,Distractor Rejection,KEEP,None identified in this final pass.,No change; prompt satisfies all nine audit objectives.,"Single semantic behavior, deterministic expected behavior, correctly scoped to Distractor Rejection within Capability 5: Retrieval-grounded Response Fidelity, self-contained, short, and distinguishable from sibling prompts in its subtype. No methodological flaw identified."
SFC-137,Capability 5: Retrieval-grounded Response Fidelity,Distractor Rejection,KEEP,None identified in this final pass.,No change; prompt satisfies all nine audit objectives.,"Single semantic behavior, deterministic expected behavior, correctly scoped to Distractor Rejection within Capability 5: Retrieval-grounded Response Fidelity, self-contained, short, and distinguishable from sibling prompts in its subtype. No methodological flaw identified."
SFC-138,Capability 5: Retrieval-grounded Response Fidelity,Distractor Rejection,KEEP,None identified in this final pass.,No change; prompt satisfies all nine audit objectives.,"Single semantic behavior, deterministic expected behavior, correctly scoped to Distractor Rejection within Capability 5: Retrieval-grounded Response Fidelity, self-contained, short, and distinguishable from sibling prompts in its subtype. No methodological flaw identified."
SFC-139,Capability 5: Retrieval-grounded Response Fidelity,Missing Evidence Detection,KEEP,None identified in this final pass.,No change; prompt satisfies all nine audit objectives.,"Single semantic behavior, deterministic expected behavior, correctly scoped to Missing Evidence Detection within Capability 5: Retrieval-grounded Response Fidelity, self-contained, short, and distinguishable from sibling prompts in its subtype. No methodological flaw identified."
SFC-140,Capability 5: Retrieval-grounded Response Fidelity,Missing Evidence Detection,KEEP,None identified in this final pass.,No change; prompt satisfies all nine audit objectives.,"Single semantic behavior, deterministic expected behavior, correctly scoped to Missing Evidence Detection within Capability 5: Retrieval-grounded Response Fidelity, self-contained, short, and distinguishable from sibling prompts in its subtype. No methodological flaw identified."
SFC-141,Capability 5: Retrieval-grounded Response Fidelity,Missing Evidence Detection,KEEP,None identified in this final pass.,No change; prompt satisfies all nine audit objectives.,"Single semantic behavior, deterministic expected behavior, correctly scoped to Missing Evidence Detection within Capability 5: Retrieval-grounded Response Fidelity, self-contained, short, and distinguishable from sibling prompts in its subtype. No methodological flaw identified."
SFC-142,Capability 5: Retrieval-grounded Response Fidelity,Missing Evidence Detection,KEEP,None identified in this final pass.,No change; prompt satisfies all nine audit objectives.,"Single semantic behavior, deterministic expected behavior, correctly scoped to Missing Evidence Detection within Capability 5: Retrieval-grounded Response Fidelity, self-contained, short, and distinguishable from sibling prompts in its subtype. No methodological flaw identified."
SFC-143,Capability 5: Retrieval-grounded Response Fidelity,Missing Evidence Detection,KEEP,None identified in this final pass.,No change; prompt satisfies all nine audit objectives.,"Single semantic behavior, deterministic expected behavior, correctly scoped to Missing Evidence Detection within Capability 5: Retrieval-grounded Response Fidelity, self-contained, short, and distinguishable from sibling prompts in its subtype. No methodological flaw identified."
SFC-144,Capability 5: Retrieval-grounded Response Fidelity,Missing Evidence Detection,KEEP,None identified in this final pass.,No change; prompt satisfies all nine audit objectives.,"Single semantic behavior, deterministic expected behavior, correctly scoped to Missing Evidence Detection within Capability 5: Retrieval-grounded Response Fidelity, self-contained, short, and distinguishable from sibling prompts in its subtype. No methodological flaw identified."
SFC-145,Capability 5: Retrieval-grounded Response Fidelity,Evidence Fidelity,KEEP,None identified in this final pass.,No change; prompt satisfies all nine audit objectives.,"Single semantic behavior, deterministic expected behavior, correctly scoped to Evidence Fidelity within Capability 5: Retrieval-grounded Response Fidelity, self-contained, short, and distinguishable from sibling prompts in its subtype. No methodological flaw identified."
SFC-146,Capability 5: Retrieval-grounded Response Fidelity,Evidence Fidelity,KEEP,None identified in this final pass.,No change; prompt satisfies all nine audit objectives.,"Single semantic behavior, deterministic expected behavior, correctly scoped to Evidence Fidelity within Capability 5: Retrieval-grounded Response Fidelity, self-contained, short, and distinguishable from sibling prompts in its subtype. No methodological flaw identified."
SFC-147,Capability 5: Retrieval-grounded Response Fidelity,Evidence Fidelity,KEEP,None identified in this final pass.,No change; prompt satisfies all nine audit objectives.,"Single semantic behavior, deterministic expected behavior, correctly scoped to Evidence Fidelity within Capability 5: Retrieval-grounded Response Fidelity, self-contained, short, and distinguishable from sibling prompts in its subtype. No methodological flaw identified."
SFC-148,Capability 5: Retrieval-grounded Response Fidelity,Evidence Fidelity,KEEP,None identified in this final pass.,No change; prompt satisfies all nine audit objectives.,"Single semantic behavior, deterministic expected behavior, correctly scoped to Evidence Fidelity within Capability 5: Retrieval-grounded Response Fidelity, self-contained, short, and distinguishable from sibling prompts in its subtype. No methodological flaw identified."
SFC-149,Capability 5: Retrieval-grounded Response Fidelity,Evidence Fidelity,KEEP,None identified in this final pass.,No change; prompt satisfies all nine audit objectives.,"Single semantic behavior, deterministic expected behavior, correctly scoped to Evidence Fidelity within Capability 5: Retrieval-grounded Response Fidelity, self-contained, short, and distinguishable from sibling prompts in its subtype. No methodological flaw identified."
SFC-150,Capability 5: Retrieval-grounded Response Fidelity,Evidence Fidelity,KEEP,None identified in this final pass.,No change; prompt satisfies all nine audit objectives.,"Single semantic behavior, deterministic expected behavior, correctly scoped to Evidence Fidelity within Capability 5: Retrieval-grounded Response Fidelity, self-contained, short, and distinguishable from sibling prompts in its subtype. No methodological flaw identified."
